epoch,connect_f,rate_type,block_1,block_2,block_3,block_4,block_5,block_6,block_7
0,AND,A_l,0.0101327622258985,0.0052192828676722,0.0043122489173133,0.0019500234105565,0.0015446774594418,0.0015489732896959,0.0014631941511824
1,AND,A_l,0.0077040404886812,0.0030740494126672,0.0015895946605785,0.0008396887564444,0.0009724728695981,0.0018728445242117,0.0025486301731418
2,AND,A_l,0.0063191351589855,0.0036775367753999,0.001720565933365,0.0017351545729078,0.0010807277920009,0.002525673256264,0.0032651059262387
3,AND,A_l,0.0076490651379834,0.005638318555849,0.0035057604849875,0.0026180336067268,0.0027819796725436,0.0034350146044481,0.0032354131475225
4,AND,A_l,0.0086327780474413,0.0091289464417878,0.003860398455783,0.0041205689713761,0.003884220982457,0.0038720208245354,0.0032579576646959
5,AND,A_l,0.0098711947600046,0.0097956329852611,0.0026257166991362,0.0031808818782772,0.0036049232826576,0.0036447885874155,0.00427466040259
6,AND,A_l,0.0105619490952105,0.0103030424934249,0.0029793494456523,0.0038121541341145,0.0040260864807678,0.003590626759572,0.0044115771044481
7,AND,A_l,0.0101201387944522,0.0096456752167091,0.0029549491298091,0.0040572312501099,0.0038641508635099,0.0032785776499155,0.0040371181728603
8,AND,A_l,0.0099563798657408,0.0097039417103604,0.0037832238652684,0.0040512944126988,0.0037688521651534,0.0033709551836993,0.0040822072072072
9,AND,A_l,0.0108322432717761,0.0104477255194036,0.0053915461978396,0.0049709801201347,0.0043638762053068,0.0039571126302083,0.0051489477759009
10,AND,A_l,0.0108131089726009,0.0100383463206591,0.005208176535529,0.0045270232466964,0.0040003458658854,0.003485327368384,0.0038996516047297
11,AND,A_l,0.0111684895850516,0.0102334688375662,0.0043688207059293,0.0034651541495108,0.0038664190618841,0.0030417227530264,0.0039727838189752
12,AND,A_l,0.0123107559509105,0.0115982422957549,0.0055272686588871,0.0043076609706019,0.0045339223500844,0.0039521638337556,0.0055882909276463
13,AND,A_l,0.0134090307328078,0.0118205375499553,0.0057852654843717,0.0046228202613624,0.0047553809913429,0.0038357296505489,0.0050026833474099
14,AND,A_l,0.0140624363143164,0.0121013253658741,0.0059496733519408,0.0057270032865507,0.0047100513905018,0.0036091847462697,0.0050593195734797
15,AND,A_l,0.0149234091644888,0.0111021646508225,0.0060755025159131,0.0060490530890387,0.0041702889107369,0.0036397023243947,0.0052567215653153
16,AND,A_l,0.0150800946059527,0.0120697016114587,0.0060315389890928,0.0053400177139419,0.004123034777942,0.0038787566863738,0.0054299294411599
17,AND,A_l,0.0158490439256032,0.0121565794085597,0.0064821565473401,0.0057371586292713,0.0041359910019883,0.004038905238246,0.0065538561021959
18,AND,A_l,0.0196749001472919,0.0139345789814854,0.0067014672734715,0.0061613632752014,0.0043540473456855,0.0048659041121199,0.0061618014498873
19,AND,A_l,0.0148017754157384,0.0150896681321633,0.0065123304590448,0.0061977661407745,0.0045515868040892,0.0052392633111627,0.0063394082559121
20,AND,A_l,0.0205133402938241,0.0172724396258861,0.0079137312399374,0.0063770139539563,0.0046114191278681,0.0052433873082066,0.006568702491554
21,AND,A_l,0.017571255833179,0.0167256217819076,0.0063787279902277,0.0063679239771387,0.0044872868168461,0.0052344519812781,0.0064565297719594
22,AND,A_l,0.0206200785196579,0.0178356433773899,0.0072457253395974,0.0064314077566335,0.004707130225929,0.0052755544851492,0.0066720773507882
23,AND,A_l,0.0280385491278794,0.0188145068314698,0.0083171032570503,0.0060455476915514,0.0047395723360078,0.0048062436215512,0.0069024713189752
24,AND,A_l,0.030132160933168,0.018368983590925,0.0075679641586166,0.005752623618186,0.0048013291917405,0.0050982226122606,0.0083359726914414
25,AND,A_l,0.0406888652223724,0.0207744251500378,0.0102330199233046,0.0057625212110914,0.0057632515022346,0.0051225541948198,0.0082853849943693
26,AND,A_l,0.0474675951508788,0.0298636603999782,0.0121004667368021,0.0067684757816898,0.0068950137576541,0.0053007108671171,0.0083216761683558
27,AND,A_l,0.0458430285389358,0.0356764444359787,0.0152268474166457,0.0076622060827306,0.0062303629007425,0.0043620891399211,0.0081611152167792
28,AND,A_l,0.0465984978117384,0.03938160447387,0.0199869280462866,0.0082002588220544,0.0069901406228005,0.0043817468591638,0.0087643185177364
29,AND,A_l,0.0625838700446996,0.0449823817691287,0.0229243029345263,0.008387617162756,0.0069641250747818,0.0049571819133586,0.0091211817286036
30,AND,A_l,0.0706444491405744,0.0543526416426306,0.0236482362489442,0.0084178168494422,0.0073139774906742,0.0056190834389076,0.010865357545045
31,AND,A_l,0.0784227180856842,0.0584761033187041,0.0262029836843679,0.0096355214849248,0.0077568604065491,0.006726514111768,0.0120360228392454
32,AND,A_l,0.0890025513934659,0.066917268542556,0.0286825240195334,0.0108151392893748,0.0085908700753976,0.0080067402607685,0.0135465054898648
33,AND,A_l,0.0895045595663087,0.0675185457006231,0.0330851163950052,0.0132798203476914,0.0105218973245706,0.0100362966726492,0.014454884572072
34,AND,A_l,0.0906925496754345,0.0732339212486335,0.0344495064503437,0.0161418485211896,0.0110836200885944,0.0105682922913147,0.0146896774704391
35,AND,A_l,0.0911609758664896,0.0756530724130235,0.0359052537797807,0.0166942922918646,0.0111270595241237,0.0105150927294481,0.0146803297438063
36,AND,A_l,0.0891423199896339,0.0709045078303362,0.0376132415221618,0.0170048034942901,0.0112827404125316,0.0108514734216638,0.0145335154490427
37,AND,A_l,0.0872132227764473,0.0682125236537005,0.0377025174665021,0.0182496491853181,0.0101120751183312,0.0095748214034346,0.0137576541385135
38,AND,A_l,0.0918797254562378,0.0757515129742321,0.0422426086288314,0.0183604042809288,0.0102411905924479,0.0085098679001266,0.0131555505701013
39,AND,A_l,0.0944855704500868,0.0747175920117008,0.0410247858580168,0.0183127635234111,0.00983511435019,0.0079920313379786,0.0126892639710022
40,AND,A_l,0.0945023860748823,0.0706854237092507,0.0388132688161489,0.0164784010466154,0.0088675215437605,0.0078863195470861,0.0131335559192004
41,AND,A_l,0.0937226136793961,0.0691246540696771,0.0370717156040775,0.0162399652841928,0.0084700025953688,0.0073844291068412,0.0130054370777027
42,AND,A_l,0.0899671432939735,0.0725878600601677,0.0371674116667326,0.0164600406681095,0.0085729306882566,0.0072284045520129,0.0133166613879504
43,AND,A_l,0.0920363847199861,0.0777243332819895,0.0406754317584338,0.0162208402479017,0.0082052076185071,0.0069582827456362,0.0131077122043918
44,AND,A_l,0.0950626653056961,0.0798980470176215,0.0442291315611418,0.0177593488950987,0.0086172636564787,0.0072825663798564,0.0155221750070382
45,AND,A_l,0.0927970186547116,0.0773993660737802,0.0442534223333135,0.0171339103767463,0.0084558779054933,0.0072076471002252,0.0156480943834459
46,AND,A_l,0.0906913469772081,0.0778364544516211,0.0444750914702544,0.0172446482890361,0.0083525717795432,0.0070030968468468,0.0158949843398085
47,AND,A_l,0.0903310981151219,0.0775451434625161,0.0442626347412934,0.0168965571635478,0.0085084245011613,0.0068253525742539,0.0150949289132882
48,AND,A_l,0.0915970388833467,0.0796283569421854,0.0482680002848307,0.0177511868176159,0.0084802094880525,0.0066893981383727,0.0148903786599099
49,AND,A_l,0.0929371843466887,0.0807489870904802,0.047398144060427,0.0178192327688406,0.008752324559667,0.0070667438678913,0.0159004830025337
50,AND,A_l,0.0937898156342205,0.0798140237997244,0.0449165395788244,0.0182310052820154,0.0088531219207488,0.0068610938819679,0.015370411915822
51,AND,A_l,0.0862341203668096,0.0763784872519003,0.0421193075609636,0.016249029486029,0.0079287967166385,0.0064987320083755,0.0145054722691441
52,AND,A_l,0.0926382775242264,0.078240946069494,0.0434720730996346,0.0173507467046514,0.0091317666543496,0.0070661940016188,0.0147925024634008
53,AND,A_l,0.0962776663872572,0.0802134543925792,0.0449386888796144,0.017261419210348,0.0089862582919833,0.0072730811866554,0.0146181948550112
54,AND,A_l,0.0975502878427505,0.078442578917151,0.0461683896210816,0.0166014250334318,0.0086279516821508,0.0072245554881052,0.0152626381264076
55,AND,A_l,0.1023603681776974,0.0815293235821767,0.0462442518354536,0.0175193408588031,0.0090785670924831,0.0074471138619087,0.0161198796452702
56,AND,A_l,0.1032963576349052,0.0837173880757512,0.0436591865780117,0.0165655634424707,0.008813359715917,0.00767572076471,0.0158999331362612
57,AND,A_l,0.1040954718718657,0.0848746611191345,0.0453719899461076,0.016691070419174,0.0084207208306939,0.0073976258973817,0.0167703714456644
58,AND,A_l,0.1069077759444176,0.0875133179329537,0.0474476792790868,0.0174053810738228,0.0083079638781848,0.0072525986680039,0.0166845923071509
59,AND,A_l,0.1061965985609604,0.0846976406939395,0.0461808024226008,0.0173353332656997,0.0084203771642736,0.00744848852759,0.0174247123099662
60,AND,A_l,0.1070193310041685,0.0894803608859981,0.0487353092915303,0.0170481226465723,0.0080540974934895,0.0072905394408079,0.0169947168848536
61,AND,A_l,0.1109162940903826,0.0933289946736516,0.0448776816462611,0.0175395398526578,0.008518631393845,0.007285315711219,0.0175764754011824
62,AND,A_l,0.1091597677619607,0.0903261878468968,0.040938377380371,0.0167897800067523,0.0078802022848043,0.0067555195576435,0.0167566247888513
63,AND,A_l,0.1094164790602417,0.0868257794294271,0.0417386733733855,0.0172449232221723,0.0085026509052998,0.0068129805831221,0.01660376196509
64,AND,A_l,0.1090435140036247,0.0846701414735467,0.041135463628683,0.0168900876431851,0.0083715765325872,0.0069479727530264,0.017640259888795
65,AND,A_l,0.1093563044124895,0.0848033492629592,0.0419438894804533,0.0171014854499885,0.0085855776125246,0.006963369008657,0.0175742759360923
66,AND,A_l,0.109506249159306,0.0846424629022409,0.0424946664689897,0.0174244803351324,0.0087693704141152,0.0070660565350506,0.0177177910332207
67,AND,A_l,0.1093877878811982,0.0849470200839343,0.0426409266016504,0.0176220026102152,0.0088650815121762,0.0072003613721143,0.0178398613457207
68,AND,A_l,0.1093147924622973,0.0848794558026769,0.0427722694637539,0.0177504049765097,0.0090085278760205,0.0073596851245777,0.0182665575731982
69,AND,A_l,0.1092778108678422,0.0846098892323605,0.0430586037335095,0.0179295239147839,0.0091394304155229,0.0074732325098536,0.0183820294904279
70,AND,A_l,0.1092948517552367,0.0842466316781602,0.0429555317303081,0.0179789775126689,0.0091764432889921,0.007545264991554,0.0185552373662725
71,AND,A_l,0.109579466216199,0.0845465568808822,0.0432724759385392,0.0179690455531214,0.0092600916956996,0.0076823191599802,0.0187317444397522
72,AND,A_l,0.1095878869832099,0.0847683855005212,0.0438099916990812,0.0180784259830509,0.0094052563916455,0.0077077504750844,0.0187878307995495
73,AND,A_l,0.1097536003804421,0.0849927067756652,0.0442535748352875,0.0182366757779508,0.0094332995715442,0.0077634244351773,0.0189643378730292
74,AND,A_l,0.1102401882678539,0.0855475100311073,0.0441913604736328,0.0183524140366562,0.0097119443051449,0.0078879691459037,0.0189901815878378
75,AND,A_l,0.1105838866384179,0.0851491598395614,0.0440763159915133,0.0183778367600999,0.0096640028395094,0.0078681739600929,0.0189692866694819
76,AND,A_l,0.1102733163683264,0.084773631783219,0.0439755830678853,0.0183888770438529,0.0096207008705482,0.0079193115234375,0.0191380956151464
77,AND,A_l,0.11003489107699,0.0850577392019667,0.0437663761345115,0.0183465802991712,0.0096274710990287,0.0079021282024211,0.018959938942849
78,AND,A_l,0.1107683604633485,0.0854218838451144,0.0440707786663158,0.0183984051953564,0.0097163776019672,0.0078338073180602,0.0190561655405405
79,AND,A_l,0.1105028217708742,0.085508433011201,0.0445125274830036,0.0184925612028654,0.009716205768757,0.0078819206169059,0.0190369202210022
80,AND,A_l,0.1108243834596496,0.0857328176498413,0.045240086478156,0.0187625197676924,0.0098713367908924,0.0079345703125,0.01910620337134
81,AND,A_l,0.1109669838134232,0.0864257382916974,0.0453004815556981,0.0188224122330949,0.0099222337877428,0.0080259855803068,0.0191435942778716
82,AND,A_l,0.1112260035834871,0.0867661039034525,0.0456099724984383,0.0188027373305312,0.00982885962134,0.0080162254539695,0.0191485430743243
83,AND,A_l,0.1112035237722568,0.0868647936228159,0.0453895942584888,0.0185467745806719,0.0097411559508727,0.008069287549268,0.0193074544270833
84,AND,A_l,0.1111854716195716,0.0864265077822917,0.0452512040868535,0.0183817459656311,0.0097912281483143,0.0080602147557713,0.0192205755560247
85,AND,A_l,0.1114182195684931,0.0866993015950864,0.0455726138106337,0.0184840812339439,0.0098500638394742,0.0080079774598817,0.0191243489583333
86,AND,A_l,0.1106317502421302,0.0862234454971176,0.0450487781215358,0.0183964119301185,0.0098155253642314,0.0080740988791525,0.019299756299268
87,AND,A_l,0.1110143770237226,0.0866661463771854,0.0447791030815055,0.0183669683095571,0.0098920598760381,0.0081458564277167,0.0192563168637387
88,AND,A_l,0.1114303581080995,0.0863892903199066,0.0451063615781766,0.0184922604947476,0.0099283510500246,0.0079995919992257,0.0190726615287162
89,AND,A_l,0.1118267886005006,0.0870390131666853,0.045045079411687,0.0186331121771185,0.0100101092914203,0.0081370585673564,0.0192673141891891
90,AND,A_l,0.1119653430876431,0.0862803206787453,0.0459532179274,0.018848891730781,0.0101299801388302,0.00801251385663,0.0190165751689189
